timestamp,open,high,low,close,volume
2025-12-05 15:44:00,90960.3,90988.7,90960.3,90988.7,0.0006686
2025-12-05 15:45:00,90963.7,90963.7,90944.8,90944.8,0.00109
2025-12-05 15:46:00,90885.2,90885.2,90885.2,90885.2,1.586e-05
2025-12-05 15:47:00,90819.9,90876.9,90819.9,90876.9,0.115688
2025-12-05 15:48:00,90876.9,90876.9,90876.9,90876.9,0.0
2025-12-05 15:49:00,90966.6,91047.9,90966.6,91047.9,0.01309052
2025-12-05 15:50:00,91012.5,91021.1,91012.5,91021.1,0.0025983
2025-12-05 15:51:00,91070.8,91070.8,90808.1,90912.8,5.93208108
2025-12-05 15:52:00,90826.2,90829.7,90714.9,90715.0,0.01768289
2025-12-05 15:53:00,90682.6,90682.6,90682.6,90682.6,9e-05
2025-12-05 15:54:00,90611.6,90611.6,90611.6,90611.6,0.00021744
2025-12-05 15:55:00,90625.6,90650.0,90619.9,90621.0,0.09304624
2025-12-05 15:56:00,90600.0,90600.0,90421.1,90424.2,25.16809856
2025-12-05 15:57:00,90421.1,90421.1,90291.8,90313.2,0.06024203
2025-12-05 15:58:00,90309.2,90309.2,90309.2,90309.2,1.087e-05
2025-12-05 15:59:00,90313.0,90478.2,90313.0,90478.2,0.17320927
2025-12-05 16:00:00,90475.3,90482.1,90419.8,90422.5,0.00375362
2025-12-05 16:01:00,90419.7,90419.7,90349.3,90402.3,0.04387086
2025-12-05 16:02:00,90323.3,90323.3,90323.3,90323.3,0.00070861
2025-12-05 16:03:00,90290.6,90290.6,90185.8,90185.8,0.00443304
2025-12-05 16:04:00,90160.3,90222.7,90160.3,90222.7,0.00771616
2025-12-05 16:05:00,90159.6,90159.6,90076.2,90076.2,0.0059448
2025-12-05 16:06:00,90096.4,90123.9,90092.3,90092.3,0.05552025
2025-12-05 16:07:00,90092.3,90092.3,89500.5,89521.4,1.12295495
2025-12-05 16:08:00,89534.8,89641.0,89496.3,89496.3,0.51066416
2025-12-05 16:09:00,89451.2,89517.3,89437.0,89517.3,0.00999041
2025-12-05 16:10:00,89529.0,89529.0,89435.6,89435.6,0.04753123
2025-12-05 16:11:00,89433.5,89483.0,89424.6,89455.2,1.01563416
2025-12-05 16:12:00,89424.6,89424.6,89288.4,89288.4,0.05005154
2025-12-05 16:13:00,89338.2,89338.2,89304.6,89304.6,0.00072212
2025-12-05 16:14:00,89293.3,89346.6,89250.0,89346.6,0.13411036
2025-12-05 16:15:00,89255.4,89313.0,89253.1,89313.0,0.12369834
2025-12-05 16:16:00,89301.5,89301.5,89150.0,89150.0,0.96318422
2025-12-05 16:17:00,89150.0,89150.0,88970.4,89068.5,0.34961252
2025-12-05 16:18:00,89204.5,89216.0,89204.5,89216.0,0.04897217
2025-12-05 16:19:00,89249.9,89249.9,89249.9,89249.9,0.007
2025-12-05 16:20:00,89241.2,89241.2,89165.1,89181.3,0.03810559
2025-12-05 16:21:00,89171.5,89194.4,89164.1,89164.1,0.0184481
2025-12-05 16:22:00,89173.9,89253.4,89173.9,89253.4,0.03154
2025-12-05 16:23:00,89222.0,89222.0,89213.2,89213.2,0.00620335
2025-12-05 16:24:00,89064.2,89064.2,89064.2,89064.2,1.106e-05
2025-12-05 16:25:00,89057.0,89220.3,89057.0,89220.3,0.03537492
2025-12-05 16:26:00,89188.9,89208.0,89127.4,89191.1,2.00679362
2025-12-05 16:27:00,89212.2,89239.3,89212.2,89233.2,0.02210897
2025-12-05 16:28:00,89092.5,89152.7,89082.0,89152.6,0.09095255
2025-12-05 16:29:00,89152.6,89152.6,89152.6,89152.6,0.0
2025-12-05 16:30:00,89064.2,89064.2,89044.2,89044.2,0.00556647
2025-12-05 16:31:00,89005.8,89005.8,89005.8,89005.8,0.00076833
2025-12-05 16:32:00,89000.0,89000.0,88793.8,88928.9,0.15295123
2025-12-05 16:33:00,88819.2,88954.3,88819.2,88940.0,0.06179197
2025-12-05 16:34:00,88846.7,88846.7,88718.3,88718.3,0.01275301
2025-12-05 16:35:00,88786.6,88873.7,88786.6,88873.7,0.01309453
2025-12-05 16:36:00,88895.3,88895.3,88827.6,88827.6,0.026995
2025-12-05 16:37:00,88739.5,88739.5,88739.5,88739.5,0.00011258
2025-12-05 16:38:00,88739.5,88739.5,88739.5,88739.5,0.0
2025-12-05 16:39:00,88739.4,88739.4,88450.0,88662.8,1.28757447
2025-12-05 16:40:00,88515.8,88515.8,88483.6,88486.1,0.01914427
2025-12-05 16:41:00,88483.6,88483.6,88363.4,88363.4,0.03697073
2025-12-05 16:42:00,88362.0,88362.0,88133.4,88228.1,0.39652699
2025-12-05 16:43:00,88286.4,88355.8,88286.4,88355.8,0.00040959
2025-12-05 16:44:00,88407.4,88407.4,88301.0,88387.7,0.14213618
2025-12-05 16:45:00,88411.4,88500.0,88411.4,88500.0,0.68313647
2025-12-05 16:46:00,88505.2,88589.5,88505.2,88549.9,0.18734728
2025-12-05 16:47:00,88591.8,88647.1,88545.7,88572.9,0.55330802
2025-12-05 16:48:00,88553.9,88598.4,88482.3,88508.3,0.9684111
2025-12-05 16:49:00,88475.8,88475.8,88356.7,88372.8,1.1293392
2025-12-05 16:50:00,88449.7,88449.7,88424.3,88435.1,0.03387327
2025-12-05 16:51:00,88436.5,88586.0,88436.5,88581.5,0.05595265
2025-12-05 16:52:00,88591.1,88774.6,88587.6,88766.9,0.11985722
2025-12-05 16:53:00,88758.5,88807.9,88681.1,88730.6,0.19948747
2025-12-05 16:54:00,88757.3,88824.6,88731.5,88787.1,0.28973981
2025-12-05 16:55:00,88752.0,88752.0,88640.0,88683.2,0.18125255
2025-12-05 16:56:00,88683.2,88728.6,88683.2,88728.6,0.00741922
2025-12-05 16:57:00,88803.1,88863.2,88803.1,88863.2,0.01830479
2025-12-05 16:58:00,88857.4,88953.7,88857.4,88953.7,0.34518795
2025-12-05 16:59:00,88968.8,88968.8,88808.4,88808.4,0.05576292
2025-12-05 17:00:00,88804.2,88832.1,88739.6,88832.1,0.02831908
2025-12-05 17:01:00,88812.9,88813.8,88812.9,88813.8,0.01018035
2025-12-05 17:02:00,88884.4,88884.4,88884.4,88884.4,0.0001106
2025-12-05 17:03:00,88884.3,88914.6,88884.3,88914.6,0.11333653
2025-12-05 17:04:00,88920.6,88955.0,88890.5,88890.5,0.02243252
2025-12-05 17:05:00,88861.1,88873.8,88852.8,88852.8,0.002815
2025-12-05 17:06:00,88874.3,88874.3,88874.3,88874.3,0.01419839
2025-12-05 17:07:00,88783.4,88783.4,88734.6,88734.6,0.03005521
2025-12-05 17:08:00,88670.1,88699.4,88654.5,88654.5,0.03329303
2025-12-05 17:09:00,88664.7,88816.1,88664.7,88816.1,0.03178671
2025-12-05 17:10:00,88746.1,88771.9,88746.1,88761.7,0.11448042
2025-12-05 17:11:00,88754.4,88754.4,88754.4,88754.4,0.0124
2025-12-05 17:12:00,88652.0,88676.0,88652.0,88676.0,0.01603636
2025-12-05 17:13:00,88680.9,88680.9,88680.9,88680.9,0.01690627
2025-12-05 17:14:00,88730.1,88730.1,88730.1,88730.1,0.00069455
2025-12-05 17:15:00,88712.3,88776.5,88712.3,88776.5,0.00179164
2025-12-05 17:16:00,88804.4,88867.6,88804.4,88867.6,0.17065089
2025-12-05 17:17:00,88867.6,88885.4,88867.6,88881.4,0.00900884
2025-12-05 17:18:00,88893.3,88893.3,88786.6,88786.6,0.00056297
2025-12-05 17:19:00,88781.7,88823.0,88781.7,88823.0,0.02897837
2025-12-05 17:20:00,88911.1,88996.1,88911.1,88996.1,0.68412541
2025-12-05 17:21:00,88961.5,88961.5,88961.5,88961.5,0.00033709
2025-12-05 17:22:00,88950.3,88952.6,88867.8,88867.8,0.1159632
2025-12-05 17:23:00,88867.7,88867.7,88758.2,88758.2,0.000211
2025-12-05 17:24:00,88799.5,88891.3,88799.5,88891.3,3.01564832
2025-12-05 17:25:00,88922.3,88922.3,88844.8,88844.8,0.05771324
2025-12-05 17:26:00,88739.4,88775.9,88705.7,88775.9,0.01300983
2025-12-05 17:27:00,88732.4,88732.4,88732.4,88732.4,0.00016924
2025-12-05 17:28:00,88826.8,88853.4,88826.8,88853.4,0.0011037
2025-12-05 17:29:00,88777.4,88777.4,88768.5,88768.5,0.00062376
2025-12-05 17:30:00,88768.5,88768.5,88768.5,88768.5,0.0
2025-12-05 17:31:00,88864.3,88942.4,88864.3,88942.4,1.3868487
2025-12-05 17:32:00,88948.9,89099.2,88948.9,89099.2,0.0023075
2025-12-05 17:33:00,89124.6,89124.6,89124.6,89124.6,0.00051217
2025-12-05 17:34:00,89099.3,89099.3,89024.0,89024.0,0.01367792
2025-12-05 17:35:00,89045.6,89045.6,89045.6,89045.6,0.001
2025-12-05 17:36:00,88867.7,88867.7,88821.7,88821.7,0.00435125
2025-12-05 17:37:00,88753.1,88753.1,88753.1,88753.1,0.001
2025-12-05 17:38:00,88847.4,88847.4,88818.3,88823.5,0.08499902
2025-12-05 17:39:00,88829.6,88970.7,88829.6,88970.7,0.01330184
2025-12-05 17:40:00,88970.7,88970.7,88970.7,88970.7,0.0
2025-12-05 17:41:00,88925.6,88996.0,88925.6,88996.0,0.24684119
2025-12-05 17:42:00,88996.1,89010.0,88996.1,89010.0,0.00011236
2025-12-05 17:43:00,89010.0,89010.0,89010.0,89010.0,0.0
2025-12-05 17:44:00,89035.6,89035.7,89035.6,89035.7,0.05
2025-12-05 17:45:00,89016.2,89016.2,89014.6,89014.6,0.0062
2025-12-05 17:46:00,89070.1,89082.6,89070.1,89082.6,0.00146384
2025-12-05 17:47:00,89082.7,89255.8,89082.7,89255.8,0.0728315
2025-12-05 17:48:00,89194.9,89194.9,89194.9,89194.9,0.00281094
2025-12-05 17:49:00,89194.9,89194.9,89194.9,89194.9,0.0
2025-12-05 17:50:00,89201.7,89251.0,89187.8,89187.8,0.01027708
2025-12-05 17:51:00,89187.1,89196.3,89179.3,89193.8,0.01031398
2025-12-05 17:52:00,89331.5,89518.2,89331.5,89518.2,0.14020778
2025-12-05 17:53:00,89389.1,89389.1,89389.1,89389.1,0.03693572
2025-12-05 17:54:00,89389.1,89389.1,89389.1,89389.1,0.0
2025-12-05 17:55:00,89382.5,89382.5,89375.7,89375.8,0.00032149
2025-12-05 17:56:00,89313.6,89313.6,89313.5,89313.5,0.10167598
2025-12-05 17:57:00,89313.5,89313.5,89313.5,89313.5,0.0
2025-12-05 17:58:00,89349.1,89349.1,89349.1,89349.1,0.00031386
2025-12-05 17:59:00,89349.1,89349.1,89349.1,89349.1,0.0
2025-12-05 18:00:00,89339.4,89339.4,89276.8,89287.6,0.00259027
2025-12-05 18:01:00,89310.3,89316.2,89310.3,89316.2,0.00895737
2025-12-05 18:02:00,89316.2,89316.2,89316.2,89316.2,0.0
2025-12-05 18:03:00,89401.8,89401.9,89401.8,89401.9,0.00021833
2025-12-05 18:04:00,89401.9,89401.9,89401.9,89401.9,0.0
2025-12-05 18:05:00,89417.4,89417.4,89417.4,89417.4,0.0110535
2025-12-05 18:06:00,89417.4,89417.4,89417.4,89417.4,0.0
2025-12-05 18:07:00,89503.4,89707.7,89503.4,89707.7,0.05935832
2025-12-05 18:08:00,89689.3,89769.2,89689.3,89769.2,0.02933819
2025-12-05 18:09:00,89708.8,89722.0,89708.8,89722.0,0.00133419
2025-12-05 18:10:00,89671.1,89716.8,89671.1,89716.8,0.00041574
2025-12-05 18:11:00,89697.9,89697.9,89697.9,89697.9,0.00016734
2025-12-05 18:12:00,89709.4,89709.4,89709.4,89709.4,0.00563561
2025-12-05 18:13:00,89709.4,89709.4,89704.0,89704.0,0.01366439
2025-12-05 18:14:00,89620.2,89621.3,89620.2,89621.3,0.155
2025-12-05 18:15:00,89621.3,89621.3,89621.3,89621.3,0.0
2025-12-05 18:16:00,89601.2,89601.2,89601.2,89601.2,0.0025
2025-12-05 18:17:00,89614.3,89614.3,89614.3,89614.3,0.04490797
2025-12-05 18:18:00,89540.5,89549.4,89540.5,89549.4,0.0053357
2025-12-05 18:19:00,89549.4,89549.4,89549.4,89549.4,0.0
2025-12-05 18:20:00,89511.6,89511.6,89453.6,89453.6,0.02604009
2025-12-05 18:21:00,89382.5,89382.5,89313.2,89313.2,0.00984642
2025-12-05 18:22:00,89292.5,89292.5,89292.5,89292.5,0.000242
2025-12-05 18:23:00,89304.7,89345.3,89304.7,89345.3,0.00179835
2025-12-05 18:24:00,89345.3,89345.3,89345.3,89345.3,0.0
2025-12-05 18:25:00,89338.2,89338.2,89338.2,89338.2,0.001
2025-12-05 18:26:00,89352.6,89360.2,89352.3,89360.2,0.01015497
2025-12-05 18:27:00,89360.2,89360.2,89360.2,89360.2,0.0
2025-12-05 18:28:00,89268.9,89269.0,89268.9,89269.0,0.01821401
2025-12-05 18:29:00,89269.0,89269.0,89269.0,89269.0,0.0
2025-12-05 18:30:00,89402.2,89491.5,89402.2,89491.5,0.00781989
2025-12-05 18:31:00,89440.8,89440.8,89440.8,89440.8,0.01369
2025-12-05 18:32:00,89440.8,89440.8,89440.8,89440.8,0.0
2025-12-05 18:33:00,89354.9,89354.9,89354.9,89354.9,0.01100128
2025-12-05 18:34:00,89370.9,89406.4,89370.8,89370.8,0.00697866
2025-12-05 18:35:00,89370.8,89370.8,89253.6,89253.6,0.01019842
2025-12-05 18:36:00,89253.5,89253.5,89209.0,89240.8,0.10162047
2025-12-05 18:37:00,89275.1,89275.1,89275.1,89275.1,0.00560067
2025-12-05 18:38:00,89275.1,89275.1,89275.1,89275.1,0.0
2025-12-05 18:39:00,89275.1,89275.1,89275.1,89275.1,0.0
2025-12-05 18:40:00,89225.0,89264.6,89225.0,89264.6,0.00732777
2025-12-05 18:41:00,89124.7,89124.7,89124.7,89124.7,0.00138032
2025-12-05 18:42:00,89036.3,89036.3,89036.3,89036.3,0.00022131
2025-12-05 18:43:00,89036.3,89036.3,89036.3,89036.3,0.0
2025-12-05 18:44:00,89036.3,89036.3,89036.3,89036.3,0.0
2025-12-05 18:45:00,89083.1,89083.1,89083.1,89083.1,1.1250144
2025-12-05 18:46:00,89080.7,89086.8,89080.7,89086.8,0.40784137
2025-12-05 18:47:00,89086.8,89086.8,89086.8,89086.8,0.0
2025-12-05 18:48:00,89051.7,89081.3,89051.6,89075.8,0.01730115
2025-12-05 18:49:00,89162.3,89162.3,89162.3,89162.3,0.00865477
2025-12-05 18:50:00,89184.5,89184.6,89184.5,89184.6,0.00251505
2025-12-05 18:51:00,89090.0,89090.0,89079.6,89079.6,0.01468366
2025-12-05 18:52:00,89088.7,89088.7,88936.0,88948.5,0.12448753
2025-12-05 18:53:00,89068.6,89068.6,89068.6,89068.6,0.01476794
2025-12-05 18:54:00,89056.7,89056.7,89056.7,89056.7,0.00017966
2025-12-05 18:55:00,89056.7,89056.7,89056.7,89056.7,0.0
2025-12-05 18:56:00,89056.7,89056.7,89056.7,89056.7,0.0
2025-12-05 18:57:00,89056.7,89056.7,89056.7,89056.7,0.0
2025-12-05 18:58:00,89020.7,89020.7,89020.7,89020.7,0.001
2025-12-05 18:59:00,89020.7,89020.7,89020.7,89020.7,0.0
2025-12-05 19:00:00,88946.4,88946.4,88904.2,88904.2,0.00226458
2025-12-05 19:01:00,88867.8,88873.8,88867.8,88873.8,0.01352918
2025-12-05 19:02:00,88953.2,88953.2,88916.2,88916.2,0.00251668
2025-12-05 19:03:00,88952.2,88954.8,88952.2,88954.8,0.01657621
2025-12-05 19:04:00,88951.5,88951.5,88946.1,88946.1,0.00544591
2025-12-05 19:05:00,88905.1,88908.7,88905.1,88908.7,0.02238375
2025-12-05 19:06:00,88932.1,88935.4,88932.1,88935.4,0.00164297
2025-12-05 19:07:00,88936.6,88999.6,88936.6,88999.6,0.00606445
2025-12-05 19:08:00,89004.3,89004.3,89004.3,89004.3,0.00292511
2025-12-05 19:09:00,89007.3,89007.3,89007.3,89007.3,2.203e-05
2025-12-05 19:10:00,89103.9,89103.9,89103.9,89103.9,0.0006812
2025-12-05 19:11:00,89091.8,89091.8,89091.8,89091.8,0.00057658
2025-12-05 19:12:00,89091.8,89091.8,89091.8,89091.8,0.0
2025-12-05 19:13:00,89060.1,89060.1,89057.4,89057.4,0.05832786
2025-12-05 19:14:00,89124.7,89124.7,89124.7,89124.7,9e-05
2025-12-05 19:15:00,89141.7,89141.8,89141.7,89141.8,0.00553398
2025-12-05 19:16:00,89141.8,89141.8,89141.8,89141.8,0.0
2025-12-05 19:17:00,89097.3,89097.3,89097.3,89097.3,0.00020264
2025-12-05 19:18:00,89211.8,89319.1,89211.8,89319.1,0.00111361
2025-12-05 19:19:00,89313.2,89313.2,89313.2,89313.2,0.00052855
2025-12-05 19:20:00,89339.4,89339.4,89339.4,89339.4,0.00138205
2025-12-05 19:21:00,89382.5,89406.6,89382.5,89399.0,0.01754387
2025-12-05 19:22:00,89399.0,89399.0,89399.0,89399.0,0.0
2025-12-05 19:23:00,89382.4,89382.4,89333.1,89333.1,0.00970099
2025-12-05 19:24:00,89338.6,89344.5,89338.6,89344.5,0.03391801
2025-12-05 19:25:00,89339.3,89440.0,89339.3,89440.0,0.00734565
2025-12-05 19:26:00,89440.0,89452.2,89440.0,89452.2,0.01282132
2025-12-05 19:27:00,89466.2,89466.2,89449.0,89449.0,0.00099891
2025-12-05 19:28:00,89449.0,89449.0,89449.0,89449.0,0.0
2025-12-05 19:29:00,89449.0,89449.0,89449.0,89449.0,0.0
2025-12-05 19:30:00,89469.9,89469.9,89469.9,89469.9,0.00027195
2025-12-05 19:31:00,89458.9,89464.4,89458.9,89464.4,0.00189559
2025-12-05 19:32:00,89370.4,89378.3,89370.4,89378.3,0.05589705
2025-12-05 19:33:00,89378.3,89378.3,89378.3,89378.3,0.0
2025-12-05 19:34:00,89453.0,89453.4,89413.7,89413.7,0.0263916
2025-12-05 19:35:00,89431.2,89431.2,89431.2,89431.2,0.00051658
2025-12-05 19:36:00,89438.0,89438.0,89438.0,89438.0,4.862e-05
2025-12-05 19:37:00,89470.0,89470.0,89470.0,89470.0,0.00021969
2025-12-05 19:38:00,89470.0,89496.2,89470.0,89496.2,0.02225171
2025-12-05 19:39:00,89500.5,89565.2,89500.5,89565.2,0.00913477
2025-12-05 19:40:00,89565.2,89565.2,89565.2,89565.2,0.0
2025-12-05 19:41:00,89565.2,89565.2,89565.2,89565.2,0.0
2025-12-05 19:42:00,89568.4,89568.4,89568.4,89568.4,0.00010154
2025-12-05 19:43:00,89568.4,89568.4,89568.4,89568.4,0.0
2025-12-05 19:44:00,89568.4,89568.4,89568.4,89568.4,0.0
2025-12-05 19:45:00,89430.8,89430.8,89430.8,89430.8,0.00141351
2025-12-05 19:46:00,89430.8,89430.8,89430.8,89430.8,0.0
2025-12-05 19:47:00,89448.1,89448.1,89448.1,89448.1,0.001
2025-12-05 19:48:00,89448.1,89448.1,89448.1,89448.1,0.0
2025-12-05 19:49:00,89401.9,89401.9,89401.9,89401.9,1.163e-05
2025-12-05 19:50:00,89454.3,89454.3,89454.3,89454.3,0.00685158
2025-12-05 19:51:00,89454.3,89454.3,89454.3,89454.3,0.0
2025-12-05 19:52:00,89571.9,89575.6,89571.9,89575.6,0.00267491
2025-12-05 19:53:00,89586.0,89586.0,89586.0,89586.0,0.00153874
2025-12-05 19:54:00,89578.9,89605.9,89578.9,89605.9,0.00317043
2025-12-05 19:55:00,89641.0,89683.0,89641.0,89683.0,0.00557523
2025-12-05 19:56:00,89700.3,89748.7,89700.3,89748.7,0.0073772
2025-12-05 19:57:00,89748.7,89811.7,89748.7,89792.3,0.00913427
2025-12-05 19:58:00,89792.3,89792.3,89792.3,89792.3,0.0
2025-12-05 19:59:00,89792.3,89792.3,89792.3,89792.3,0.0
2025-12-05 20:00:00,89641.4,89652.5,89641.1,89641.1,0.0003076
2025-12-05 20:01:00,89641.0,89641.0,89641.0,89641.0,9e-05
2025-12-05 20:02:00,89599.6,89599.7,89599.6,89599.7,0.00054181
2025-12-05 20:03:00,89598.0,89598.0,89598.0,89598.0,0.00068102
2025-12-05 20:04:00,89555.6,89555.6,89555.6,89555.6,0.04414556
2025-12-05 20:05:00,89555.6,89555.6,89555.6,89555.6,0.0
2025-12-05 20:06:00,89555.6,89555.6,89555.6,89555.6,0.0
2025-12-05 20:07:00,89555.6,89555.6,89555.6,89555.6,0.0
2025-12-05 20:08:00,89511.6,89511.6,89511.6,89511.6,0.00055064
2025-12-05 20:09:00,89511.7,89511.7,89511.7,89511.7,0.00033
2025-12-05 20:10:00,89511.6,89511.6,89382.5,89382.5,0.10067259
2025-12-05 20:11:00,89408.8,89415.0,89408.8,89415.0,0.13317648
2025-12-05 20:12:00,89509.7,89511.6,89509.7,89511.6,0.0001664
2025-12-05 20:13:00,89548.3,89554.5,89548.3,89554.5,0.00642907
2025-12-05 20:14:00,89622.9,89674.9,89622.9,89674.6,0.00850337
2025-12-05 20:15:00,89674.9,89692.2,89674.9,89692.2,6.00035738
2025-12-05 20:16:00,89674.0,89674.1,89649.8,89649.8,0.00036239
2025-12-05 20:17:00,89649.9,89655.9,89649.8,89655.9,0.01111499
2025-12-05 20:18:00,89659.8,89659.8,89651.8,89651.9,0.00122895
2025-12-05 20:19:00,89649.8,89660.6,89649.8,89660.6,0.00036249
2025-12-05 20:20:00,89660.7,89660.7,89649.8,89649.8,0.00014498
2025-12-05 20:21:00,89649.8,89649.8,89649.8,89649.8,0.0
2025-12-05 20:22:00,89673.3,89673.3,89667.9,89667.9,0.02330251
2025-12-05 20:23:00,89667.9,89667.9,89667.9,89667.9,0.0
2025-12-05 20:24:00,89682.0,89683.4,89682.0,89683.4,0.02841913
2025-12-05 20:25:00,89623.3,89623.3,89615.8,89615.8,0.01577933
2025-12-05 20:26:00,89615.8,89615.8,89615.8,89615.8,0.0
2025-12-05 20:27:00,89615.8,89615.8,89615.8,89615.8,0.0
2025-12-05 20:28:00,89580.0,89580.0,89580.0,89580.0,1.304e-05
2025-12-05 20:29:00,89588.1,89588.1,89547.4,89563.3,0.00332135
2025-12-05 20:30:00,89490.3,89490.3,89490.3,89490.3,0.00021211
2025-12-05 20:31:00,89492.8,89493.1,89416.3,89416.3,0.09812914
2025-12-05 20:32:00,89416.3,89416.3,89416.3,89416.3,0.0
2025-12-05 20:33:00,89418.4,89418.4,89418.0,89418.0,0.02724177
2025-12-05 20:34:00,89426.2,89426.2,89426.2,89426.2,0.00089527
2025-12-05 20:35:00,89437.6,89437.6,89437.6,89437.6,0.001781
2025-12-05 20:36:00,89437.6,89437.6,89437.6,89437.6,0.0
2025-12-05 20:37:00,89383.3,89383.3,89383.3,89383.3,0.00011181
2025-12-05 20:38:00,89383.3,89383.3,89383.3,89383.3,0.0
2025-12-05 20:39:00,89382.5,89382.5,89355.1,89355.1,0.00055344
2025-12-05 20:40:00,89355.1,89355.1,89355.1,89355.1,0.0
2025-12-05 20:41:00,89355.1,89355.1,89355.1,89355.1,0.0
2025-12-05 20:42:00,89355.1,89355.1,89355.1,89355.1,0.0
2025-12-05 20:43:00,89341.3,89341.3,89341.3,89341.3,5.447e-05
2025-12-05 20:44:00,89333.0,89333.0,89333.0,89333.0,0.063
2025-12-05 20:45:00,89333.0,89333.0,89333.0,89333.0,0.0
2025-12-05 20:46:00,89333.0,89333.0,89275.5,89275.5,0.0044207
2025-12-05 20:47:00,89275.5,89275.5,89275.5,89275.5,0.0
2025-12-05 20:48:00,89275.5,89275.5,89275.5,89275.5,0.0
2025-12-05 20:49:00,89281.2,89281.2,89281.2,89281.2,0.00217517
2025-12-05 20:50:00,89254.2,89254.2,89253.7,89253.7,0.0030211
2025-12-05 20:51:00,89253.7,89253.7,89253.7,89253.7,0.0
2025-12-05 20:52:00,89253.7,89253.7,89253.7,89253.7,0.0
2025-12-05 20:53:00,89311.8,89311.8,89311.8,89311.8,0.00179437
2025-12-05 20:54:00,89309.3,89309.3,89309.3,89309.3,1.974e-05
2025-12-05 20:55:00,89309.3,89309.3,89309.3,89309.3,0.0
2025-12-05 20:56:00,89319.5,89319.5,89319.5,89319.5,0.00032932
2025-12-05 20:57:00,89319.5,89319.5,89319.5,89319.5,0.0
2025-12-05 20:58:00,89296.6,89296.6,89296.5,89296.5,0.00279221
2025-12-05 20:59:00,89271.3,89271.3,89271.3,89271.3,0.00385
2025-12-05 21:00:00,89322.4,89322.4,89301.4,89308.1,0.00697549
2025-12-05 21:01:00,89367.2,89367.2,89367.2,89367.2,0.00010865
2025-12-05 21:02:00,89367.2,89367.2,89367.2,89367.2,0.0
2025-12-05 21:03:00,89374.9,89374.9,89374.9,89374.9,0.00608312
2025-12-05 21:04:00,89355.1,89355.1,89355.1,89355.1,1.088e-05
2025-12-05 21:05:00,89355.1,89355.1,89355.1,89355.1,0.0
2025-12-05 21:06:00,89370.3,89370.3,89370.3,89370.3,0.00011189
2025-12-05 21:07:00,89370.3,89370.3,89370.3,89370.3,0.0
2025-12-05 21:08:00,89370.3,89370.3,89370.3,89370.3,0.0
2025-12-05 21:09:00,89370.3,89370.3,89370.3,89370.3,0.0
2025-12-05 21:10:00,89370.3,89370.3,89370.3,89370.3,0.0
2025-12-05 21:11:00,89370.3,89370.3,89370.3,89370.3,0.0
2025-12-05 21:12:00,89380.0,89380.0,89380.0,89380.0,0.00537567
2025-12-05 21:13:00,89448.7,89448.7,89435.2,89435.2,0.00118691
2025-12-05 21:14:00,89435.2,89435.2,89435.2,89435.2,0.0
2025-12-05 21:15:00,89435.2,89435.2,89435.2,89435.2,0.0
2025-12-05 21:16:00,89435.2,89435.2,89435.2,89435.2,0.0
2025-12-05 21:17:00,89457.9,89457.9,89457.9,89457.9,0.1034
2025-12-05 21:18:00,89457.9,89457.9,89457.9,89457.9,0.0
2025-12-05 21:19:00,89457.9,89457.9,89457.9,89457.9,0.0
2025-12-05 21:20:00,89457.9,89457.9,89457.9,89457.9,0.0
2025-12-05 21:21:00,89457.9,89457.9,89457.9,89457.9,0.0
2025-12-05 21:22:00,89486.8,89489.1,89486.0,89486.0,0.00173335
2025-12-05 21:23:00,89486.0,89486.0,89486.0,89486.0,0.0
2025-12-05 21:24:00,89446.2,89446.2,89446.2,89446.2,0.00057336
2025-12-05 21:25:00,89446.2,89446.2,89446.2,89446.2,0.0
2025-12-05 21:26:00,89418.1,89419.8,89418.1,89419.8,0.00958288
2025-12-05 21:27:00,89419.8,89419.8,89419.8,89419.8,0.0
2025-12-05 21:28:00,89419.8,89419.8,89419.8,89419.8,0.0
2025-12-05 21:29:00,89419.8,89419.8,89419.8,89419.8,0.0
2025-12-05 21:30:00,89419.8,89419.8,89419.8,89419.8,0.0
2025-12-05 21:31:00,89470.0,89470.0,89470.0,89470.0,0.00087303
2025-12-05 21:32:00,89470.0,89470.0,89470.0,89470.0,0.0
2025-12-05 21:33:00,89402.0,89402.0,89329.6,89329.6,0.05150573
2025-12-05 21:34:00,89362.7,89399.4,89362.7,89399.4,0.11214281
2025-12-05 21:35:00,89399.4,89399.4,89399.4,89399.4,0.0
2025-12-05 21:36:00,89399.4,89399.4,89399.4,89399.4,0.0
2025-12-05 21:37:00,89344.4,89344.4,89344.4,89344.4,0.00026871
2025-12-05 21:38:00,89344.4,89344.4,89344.4,89344.4,0.0
2025-12-05 21:39:00,89288.7,89288.7,89265.2,89265.2,0.001475
2025-12-05 21:40:00,89282.0,89282.0,89282.0,89282.0,0.01298
2025-12-05 21:41:00,89259.6,89275.6,89259.6,89275.6,0.00436923
2025-12-05 21:42:00,89275.6,89275.6,89275.6,89275.6,0.0
2025-12-05 21:43:00,89305.2,89305.2,89305.2,89305.2,0.01254
2025-12-05 21:44:00,89307.3,89307.3,89307.3,89307.3,0.00022009
2025-12-05 21:45:00,89255.6,89255.6,89255.6,89255.6,0.00029068
2025-12-05 21:46:00,89255.6,89255.6,89255.6,89255.6,0.0
2025-12-05 21:47:00,89255.6,89255.6,89255.6,89255.6,0.0
2025-12-05 21:48:00,89253.5,89253.5,89248.1,89248.1,0.00017269
2025-12-05 21:49:00,89232.7,89232.7,89232.7,89232.7,0.01430945
2025-12-05 21:50:00,89232.7,89232.7,89232.7,89232.7,0.0
2025-12-05 21:51:00,89124.8,89124.8,89124.8,89124.8,7.249e-05
2025-12-05 21:52:00,89124.8,89124.8,89124.8,89124.8,0.0
2025-12-05 21:53:00,89126.4,89126.4,89126.4,89126.4,0.00055713
2025-12-05 21:54:00,89177.8,89177.8,89177.8,89177.8,4.609e-05
2025-12-05 21:55:00,89181.9,89192.3,89181.9,89192.3,0.01584205
2025-12-05 21:56:00,89181.2,89244.1,89181.2,89244.1,0.01238342
2025-12-05 21:57:00,89244.1,89244.1,89244.1,89244.1,0.0
2025-12-05 21:58:00,89160.8,89160.8,89160.8,89160.8,0.00765598
2025-12-05 21:59:00,89160.8,89160.8,89160.8,89160.8,0.0
2025-12-05 22:00:00,89176.0,89176.0,89124.7,89124.7,0.02848724
2025-12-05 22:01:00,89124.7,89124.7,89124.7,89124.7,0.0
2025-12-05 22:02:00,89124.7,89124.7,89124.7,89124.7,0.0
2025-12-05 22:03:00,89041.4,89042.7,89036.6,89042.7,0.0495754
2025-12-05 22:04:00,89042.7,89042.7,89042.7,89042.7,0.0
2025-12-05 22:05:00,89062.4,89062.4,89062.4,89062.4,0.00673684
2025-12-05 22:06:00,89116.6,89116.6,89116.6,89116.6,0.00021924
2025-12-05 22:07:00,89116.6,89116.6,89116.6,89116.6,0.0
2025-12-05 22:08:00,89116.6,89116.6,89116.6,89116.6,0.0
2025-12-05 22:09:00,89116.6,89116.6,89116.6,89116.6,0.0
2025-12-05 22:10:00,89160.5,89160.5,89160.5,89160.5,5.498e-05
2025-12-05 22:11:00,89111.5,89111.5,89108.6,89108.6,0.03905701
2025-12-05 22:12:00,89046.9,89046.9,89046.9,89046.9,0.00326807
2025-12-05 22:13:00,89039.7,89039.7,88917.0,88923.3,0.26704855
2025-12-05 22:14:00,88935.6,88958.6,88935.6,88958.6,0.02409413
2025-12-05 22:15:00,88963.5,89063.2,88963.5,89063.2,0.00826348
2025-12-05 22:16:00,89123.0,89123.0,89117.9,89117.9,0.02399217
2025-12-05 22:17:00,89115.3,89115.3,89115.3,89115.3,0.01521894
2025-12-05 22:18:00,89115.3,89115.3,89115.3,89115.3,0.0
2025-12-05 22:19:00,89124.6,89143.3,89124.6,89143.3,0.02376899
2025-12-05 22:20:00,89152.7,89152.7,89152.7,89152.7,0.00052015
2025-12-05 22:21:00,89175.0,89175.0,89175.0,89175.0,0.00018357
2025-12-05 22:22:00,89188.2,89188.2,89188.2,89188.2,0.00241257
2025-12-05 22:23:00,89188.2,89188.3,89188.2,89188.3,0.00258767
2025-12-05 22:24:00,89199.5,89199.5,89152.2,89152.2,0.11025328
2025-12-05 22:25:00,89153.1,89153.1,89153.1,89153.1,0.00024556
2025-12-05 22:26:00,89177.6,89178.4,89177.6,89178.4,0.00222318
2025-12-05 22:27:00,89172.2,89172.2,89172.2,89172.2,1.102e-05
2025-12-05 22:28:00,89203.1,89203.1,89203.1,89203.1,0.00014159
2025-12-05 22:29:00,89203.1,89203.1,89203.1,89203.1,0.0
2025-12-05 22:30:00,89248.1,89248.1,89248.1,89248.1,0.0011149
2025-12-05 22:31:00,89248.1,89248.1,89248.1,89248.1,0.0
2025-12-05 22:32:00,89232.9,89232.9,89232.9,89232.9,0.01333768
2025-12-05 22:33:00,89244.4,89244.4,89244.4,89244.4,0.001
2025-12-05 22:34:00,89244.4,89244.4,89244.4,89244.4,0.0
2025-12-05 22:35:00,89244.4,89244.4,89244.4,89244.4,0.0
2025-12-05 22:36:00,89244.4,89244.4,89244.4,89244.4,0.0
2025-12-05 22:37:00,89244.4,89244.4,89244.4,89244.4,0.0
2025-12-05 22:38:00,89235.4,89235.4,89235.4,89235.4,5.877e-05
2025-12-05 22:39:00,89235.6,89235.6,89235.5,89235.5,0.14802721
2025-12-05 22:40:00,89235.5,89235.5,89235.5,89235.5,0.0
2025-12-05 22:41:00,89235.5,89235.5,89235.5,89235.5,0.0
2025-12-05 22:42:00,89253.4,89253.4,89253.4,89253.4,0.002
2025-12-05 22:43:00,89253.5,89253.5,89253.5,89253.5,9e-05
2025-12-05 22:44:00,89269.2,89269.2,89269.2,89269.2,0.00015239
2025-12-05 22:45:00,89285.9,89285.9,89285.9,89285.9,0.00111999
2025-12-05 22:46:00,89288.4,89288.4,89288.4,89288.4,0.00246774
2025-12-05 22:47:00,89288.4,89288.4,89288.4,89288.4,0.0
2025-12-05 22:48:00,89309.3,89318.1,89309.3,89318.1,0.01677814
2025-12-05 22:49:00,89318.1,89318.1,89318.1,89318.1,0.0
2025-12-05 22:50:00,89330.7,89330.7,89330.7,89330.7,0.01492612
2025-12-05 22:51:00,89330.7,89330.7,89330.7,89330.7,0.0
2025-12-05 22:52:00,89330.7,89330.7,89330.7,89330.7,0.0
2025-12-05 22:53:00,89301.5,89301.5,89298.5,89298.5,0.00246483
2025-12-05 22:54:00,89298.5,89298.5,89298.5,89298.5,0.0
2025-12-05 22:55:00,89298.5,89298.5,89298.5,89298.5,0.0
2025-12-05 22:56:00,89277.6,89277.6,89277.6,89277.6,0.00037731
2025-12-05 22:57:00,89277.6,89277.6,89277.6,89277.6,0.0
2025-12-05 22:58:00,89279.9,89279.9,89279.9,89279.9,0.00043265
2025-12-05 22:59:00,89268.6,89268.6,89268.6,89268.6,0.00011197
2025-12-05 23:00:00,89232.6,89232.6,89232.6,89232.6,1.104e-05
2025-12-05 23:01:00,89232.6,89232.6,89232.6,89232.6,0.0
2025-12-05 23:02:00,89139.5,89139.5,89139.5,89139.5,0.00022464
2025-12-05 23:03:00,89143.2,89143.2,89143.2,89143.2,0.01502901
2025-12-05 23:04:00,89124.7,89124.7,89063.4,89098.3,0.01600092
2025-12-05 23:05:00,89040.9,89058.3,89040.9,89058.3,0.00757517
2025-12-05 23:06:00,89058.3,89058.3,89058.3,89058.3,0.0
2025-12-05 23:07:00,88996.1,88996.1,88996.1,88996.1,0.00098412
2025-12-05 23:08:00,88957.0,88957.0,88957.0,88957.0,0.00449505
2025-12-05 23:09:00,88948.7,88972.7,88948.7,88972.7,0.00645513
2025-12-05 23:10:00,89094.5,89094.5,89080.9,89080.9,0.01903563
2025-12-05 23:11:00,89080.9,89080.9,89080.9,89080.9,0.0
2025-12-05 23:12:00,89106.7,89106.7,89106.7,89106.7,0.00224443
2025-12-05 23:13:00,89106.7,89106.7,89106.7,89106.7,0.0
2025-12-05 23:14:00,89119.2,89119.2,89119.2,89119.2,0.00022474
2025-12-05 23:15:00,89119.2,89119.2,89119.2,89119.2,0.0
2025-12-05 23:16:00,89119.2,89119.2,89119.2,89119.2,0.0
2025-12-05 23:17:00,89124.6,89124.6,89124.6,89124.6,0.00027819
2025-12-05 23:18:00,89124.6,89124.6,89124.6,89124.6,0.0
2025-12-05 23:19:00,89124.6,89124.6,89124.6,89124.6,0.0
2025-12-05 23:20:00,89124.6,89124.6,89124.6,89124.6,0.0
2025-12-05 23:21:00,89115.6,89115.6,89115.6,89115.6,0.0336558
2025-12-05 23:22:00,89124.7,89130.3,89124.7,89130.3,0.00221322
2025-12-05 23:23:00,89125.5,89127.5,89125.5,89127.5,0.00240867
2025-12-05 23:24:00,89106.2,89106.2,89106.2,89106.2,0.00108729
2025-12-05 23:25:00,89104.8,89112.4,89104.8,89112.4,0.00225718
2025-12-05 23:26:00,89169.3,89169.3,89169.3,89169.3,0.00026484
2025-12-05 23:27:00,89169.3,89169.3,89169.3,89169.3,0.0
2025-12-05 23:28:00,89232.5,89232.5,89232.5,89232.5,0.00011543
2025-12-05 23:29:00,89232.5,89232.5,89232.5,89232.5,0.0
2025-12-05 23:30:00,89241.4,89253.4,89241.4,89253.4,0.00197337
2025-12-05 23:31:00,89253.4,89253.4,89253.4,89253.4,0.00048852
2025-12-05 23:32:00,89253.4,89253.4,89253.4,89253.4,0.0
2025-12-05 23:33:00,89253.5,89256.4,89253.5,89256.4,0.11192084
2025-12-05 23:34:00,89252.4,89252.4,89252.4,89252.4,0.00015103
2025-12-05 23:35:00,89288.1,89296.7,89288.1,89296.7,4.299e-05
2025-12-05 23:36:00,89336.7,89341.7,89336.7,89341.7,0.00518602
2025-12-05 23:37:00,89295.4,89295.4,89295.4,89295.4,0.00107659
2025-12-05 23:38:00,89295.5,89295.5,89295.5,89295.5,0.00022159
2025-12-05 23:39:00,89295.5,89295.5,89295.5,89295.5,0.0
2025-12-05 23:40:00,89295.5,89295.5,89295.5,89295.5,0.0
2025-12-05 23:41:00,89279.9,89285.9,89279.9,89285.9,0.00027861
2025-12-05 23:42:00,89305.2,89308.8,89305.2,89308.8,0.00041766
2025-12-05 23:43:00,89276.5,89276.5,89276.5,89276.5,7.612e-05
2025-12-05 23:44:00,89276.5,89276.5,89276.5,89276.5,0.0
2025-12-05 23:45:00,89276.5,89276.5,89276.5,89276.5,0.0
2025-12-05 23:46:00,89214.5,89216.4,89214.5,89216.4,0.00587249
2025-12-05 23:47:00,89264.1,89264.1,89264.1,89264.1,0.00062799
2025-12-05 23:48:00,89264.1,89264.1,89264.1,89264.1,0.0
2025-12-05 23:49:00,89264.1,89264.1,89264.1,89264.1,0.0
2025-12-05 23:50:00,89315.1,89315.1,89315.0,89315.0,0.00195371
2025-12-05 23:51:00,89322.6,89330.5,89322.6,89330.5,0.01829815
2025-12-05 23:52:00,89330.5,89330.5,89330.5,89330.5,0.0
2025-12-05 23:53:00,89330.5,89330.5,89330.5,89330.5,0.0
2025-12-05 23:54:00,89330.5,89330.5,89330.5,89330.5,0.0
2025-12-05 23:55:00,89323.2,89323.2,89323.2,89323.2,1.103e-05
2025-12-05 23:56:00,89363.7,89366.2,89363.7,89366.2,0.00056438
2025-12-05 23:57:00,89366.2,89366.2,89366.2,89366.2,0.0
2025-12-05 23:58:00,89366.2,89366.2,89366.2,89366.2,0.0
2025-12-05 23:59:00,89366.2,89366.2,89366.2,89366.2,0.0
2025-12-06 00:00:00,89363.8,89363.8,89226.4,89226.4,0.16939551
2025-12-06 00:01:00,89226.4,89226.4,89226.4,89226.4,0.0
2025-12-06 00:02:00,89226.4,89226.4,89226.4,89226.4,0.0
2025-12-06 00:03:00,89226.4,89226.4,89226.4,89226.4,0.0
2025-12-06 00:04:00,89225.4,89225.4,89212.0,89212.0,0.01172743
2025-12-06 00:05:00,89187.4,89187.4,89187.4,89187.4,0.0013467
2025-12-06 00:06:00,89184.7,89209.5,89184.7,89209.5,1.06409478
2025-12-06 00:07:00,89172.0,89172.0,89172.0,89172.0,0.00194044
2025-12-06 00:08:00,89209.3,89209.3,89209.3,89209.3,0.00022444
2025-12-06 00:09:00,89196.0,89196.0,89196.0,89196.0,0.00056048
2025-12-06 00:10:00,89196.0,89196.0,89196.0,89196.0,0.0
2025-12-06 00:11:00,89185.3,89185.3,89185.3,89185.3,5.165e-05
2025-12-06 00:12:00,89124.7,89124.7,89031.3,89031.3,0.09240735
2025-12-06 00:13:00,89031.3,89031.3,89031.3,89031.3,0.0
2025-12-06 00:14:00,89111.2,89113.9,89111.2,89113.9,0.00032286
2025-12-06 00:15:00,89100.9,89101.7,89082.2,89082.2,0.02451312
2025-12-06 00:16:00,89090.0,89090.0,89090.0,89090.0,0.01139245
2025-12-06 00:17:00,89090.0,89090.0,89090.0,89090.0,0.0
2025-12-06 00:18:00,89090.0,89090.0,89090.0,89090.0,0.0
2025-12-06 00:19:00,89090.0,89090.0,89090.0,89090.0,0.0
2025-12-06 00:20:00,89090.0,89090.0,89090.0,89090.0,0.0
2025-12-06 00:21:00,89090.0,89090.0,89090.0,89090.0,0.0
2025-12-06 00:22:00,89090.0,89090.0,89090.0,89090.0,0.0
2025-12-06 00:23:00,89081.1,89081.1,89081.1,89081.1,0.000595
2025-12-06 00:24:00,89081.1,89081.1,89081.1,89081.1,0.0
2025-12-06 00:25:00,89111.5,89111.5,89111.5,89111.5,0.00022839
2025-12-06 00:26:00,89111.5,89111.5,89111.5,89111.5,0.0
2025-12-06 00:27:00,89111.5,89111.5,89111.5,89111.5,0.0
2025-12-06 00:28:00,89111.5,89111.5,89111.5,89111.5,0.0
2025-12-06 00:29:00,89111.5,89111.5,89111.5,89111.5,0.0
2025-12-06 00:30:00,89176.1,89176.1,89176.1,89176.1,0.0021571
2025-12-06 00:31:00,89237.8,89237.8,89237.8,89237.8,0.00127027
2025-12-06 00:32:00,89237.8,89237.8,89237.8,89237.8,0.0
2025-12-06 00:33:00,89201.0,89253.5,89201.0,89253.5,0.00559687
2025-12-06 00:34:00,89297.3,89300.0,89297.3,89300.0,0.30981897
2025-12-06 00:35:00,89300.0,89300.0,89300.0,89300.0,0.0
2025-12-06 00:36:00,89319.8,89319.8,89319.7,89319.7,0.00117438
2025-12-06 00:37:00,89352.9,89385.7,89352.9,89385.7,0.67799566
2025-12-06 00:38:00,89401.8,89401.9,89401.8,89401.9,0.00164685
2025-12-06 00:39:00,89395.2,89395.2,89395.2,89395.2,0.00269975
2025-12-06 00:40:00,89395.2,89395.2,89395.2,89395.2,0.0
2025-12-06 00:41:00,89376.2,89377.0,89376.2,89377.0,0.01088888
2025-12-06 00:42:00,89377.0,89377.0,89377.0,89377.0,0.0
2025-12-06 00:43:00,89396.4,89396.4,89396.4,89396.4,0.00011186
2025-12-06 00:44:00,89396.4,89396.4,89396.4,89396.4,0.0
2025-12-06 00:45:00,89417.0,89417.0,89387.5,89387.5,0.0013433
2025-12-06 00:46:00,89387.5,89387.5,89387.5,89387.5,0.0
2025-12-06 00:47:00,89384.3,89384.4,89384.3,89384.4,0.11176447
2025-12-06 00:48:00,89384.4,89384.4,89384.4,89384.4,0.0
2025-12-06 00:49:00,89384.4,89384.4,89384.4,89384.4,0.0
2025-12-06 00:50:00,89384.4,89384.4,89384.4,89384.4,0.0
2025-12-06 00:51:00,89357.5,89357.5,89357.5,89357.5,0.01371
2025-12-06 00:52:00,89357.5,89357.5,89357.5,89357.5,0.0
2025-12-06 00:53:00,89357.5,89357.5,89357.5,89357.5,0.0
2025-12-06 00:54:00,89397.1,89397.1,89397.1,89397.1,7.583e-05
2025-12-06 00:55:00,89397.2,89397.2,89387.2,89387.4,0.04825302
2025-12-06 00:56:00,89418.0,89418.0,89418.0,89418.0,0.00014507
2025-12-06 00:57:00,89418.1,89426.1,89418.1,89426.1,0.11028343
2025-12-06 00:58:00,89426.0,89426.0,89426.0,89426.0,0.00027596
2025-12-06 00:59:00,89426.0,89428.9,89426.0,89426.1,0.22391691
2025-12-06 01:00:00,89426.1,89426.1,89426.0,89426.1,0.00036278
2025-12-06 01:01:00,89426.0,89426.1,89342.1,89342.1,0.22353928
2025-12-06 01:02:00,89342.1,89342.1,89342.1,89342.1,0.0
2025-12-06 01:03:00,89352.1,89371.4,89352.1,89371.4,0.00023881
2025-12-06 01:04:00,89354.2,89354.2,89354.2,89354.2,0.00239649
2025-12-06 01:05:00,89309.6,89309.6,89305.7,89305.7,0.00432737
2025-12-06 01:06:00,89305.7,89305.7,89305.7,89305.7,0.0
2025-12-06 01:07:00,89305.7,89305.7,89305.7,89305.7,0.0
2025-12-06 01:08:00,89305.7,89305.7,89305.7,89305.7,0.0
2025-12-06 01:09:00,89382.8,89382.8,89382.8,89382.8,0.0001119
2025-12-06 01:10:00,89396.0,89402.8,89396.0,89401.2,0.00028613
2025-12-06 01:11:00,89395.9,89402.1,89378.6,89378.6,0.00030332
2025-12-06 01:12:00,89376.7,89376.8,89376.7,89376.8,0.00015166
2025-12-06 01:13:00,89385.7,89385.8,89376.5,89376.5,0.00035832
2025-12-06 01:14:00,89370.7,89382.1,89370.7,89382.1,0.00026355
2025-12-06 01:15:00,89394.9,89398.0,89391.5,89391.5,0.01690332
2025-12-06 01:16:00,89393.8,89444.3,89393.8,89444.3,0.08466534
2025-12-06 01:17:00,89444.3,89444.3,89444.3,89444.3,0.0
2025-12-06 01:18:00,89428.3,89431.3,89428.3,89431.3,0.00583784
2025-12-06 01:19:00,89431.3,89431.3,89431.3,89431.3,0.0
2025-12-06 01:20:00,89431.3,89431.3,89431.3,89431.3,0.0
2025-12-06 01:21:00,89461.7,89461.7,89461.7,89461.7,0.00028752
2025-12-06 01:22:00,89449.2,89449.2,89449.2,89449.2,6.302e-05
2025-12-06 01:23:00,89483.3,89483.3,89483.3,89483.3,0.0008804
2025-12-06 01:24:00,89433.8,89433.8,89433.8,89433.8,0.00566106
2025-12-06 01:25:00,89433.8,89433.8,89433.8,89433.8,0.0
2025-12-06 01:26:00,89433.8,89433.8,89433.8,89433.8,0.31880846
2025-12-06 01:27:00,89433.8,89433.8,89433.8,89433.8,0.0
2025-12-06 01:28:00,89433.8,89433.8,89433.8,89433.8,0.0
2025-12-06 01:29:00,89423.9,89436.2,89423.9,89435.5,0.00138391
2025-12-06 01:30:00,89401.0,89401.1,89348.5,89348.5,0.00033607
2025-12-06 01:31:00,89348.5,89348.5,89348.5,89348.5,0.0
2025-12-06 01:32:00,89348.5,89348.5,89348.5,89348.5,0.0
2025-12-06 01:33:00,89348.5,89348.5,89348.5,89348.5,0.0
2025-12-06 01:34:00,89348.5,89348.5,89348.5,89348.5,0.0
2025-12-06 01:35:00,89348.5,89348.5,89348.5,89348.5,0.0
2025-12-06 01:36:00,89329.4,89329.4,89329.4,89329.4,0.00014975
2025-12-06 01:37:00,89329.4,89329.4,89329.4,89329.4,0.0
2025-12-06 01:38:00,89329.4,89329.4,89329.4,89329.4,0.0
2025-12-06 01:39:00,89303.2,89303.3,89303.2,89303.2,0.00022749
2025-12-06 01:40:00,89299.0,89299.0,89297.1,89297.1,0.00030332
2025-12-06 01:41:00,89287.4,89287.4,89287.4,89287.4,7.583e-05
2025-12-06 01:42:00,89253.5,89253.5,89252.1,89252.1,0.00246172
2025-12-06 01:43:00,89252.2,89252.2,89252.1,89252.2,0.00022749
2025-12-06 01:44:00,89252.2,89258.0,89252.1,89258.0,0.00036988
2025-12-06 01:45:00,89253.4,89253.4,89252.1,89252.1,0.0009548
2025-12-06 01:46:00,89252.1,89318.2,89252.1,89318.2,0.00660606
2025-12-06 01:47:00,89338.1,89338.1,89338.1,89338.1,0.00275156
2025-12-06 01:48:00,89338.1,89338.1,89338.1,89338.1,0.0
2025-12-06 01:49:00,89338.1,89338.1,89338.1,89338.1,0.0
2025-12-06 01:50:00,89355.1,89359.0,89351.7,89359.0,0.0002636
2025-12-06 01:51:00,89350.1,89350.1,89336.9,89336.9,0.00053194
2025-12-06 01:52:00,89336.5,89342.1,89310.2,89310.2,0.00030332
2025-12-06 01:53:00,89299.5,89299.5,89285.5,89285.5,0.00022749
2025-12-06 01:54:00,89291.3,89322.2,89291.3,89322.2,0.00022749
2025-12-06 01:55:00,89307.0,89307.0,89307.0,89307.0,0.00020157
2025-12-06 01:56:00,89307.8,89307.8,89307.7,89307.7,0.01029451
2025-12-06 01:57:00,89307.7,89307.7,89307.7,89307.7,0.0
2025-12-06 01:58:00,89307.7,89307.7,89307.7,89307.7,0.0
2025-12-06 01:59:00,89320.9,89321.0,89320.9,89321.0,0.00783691
2025-12-06 02:00:00,89338.8,89338.8,89338.8,89338.8,1.103e-05
2025-12-06 02:01:00,89308.6,89308.6,89308.6,89308.6,0.002239
2025-12-06 02:02:00,89308.5,89308.6,89308.5,89308.6,0.01829446
2025-12-06 02:03:00,89308.5,89308.6,89308.5,89308.6,0.01654309
2025-12-06 02:04:00,89308.5,89308.5,89300.0,89300.0,0.21085903
2025-12-06 02:05:00,89222.4,89222.4,89222.4,89222.4,0.00088338
2025-12-06 02:06:00,89217.5,89217.5,89217.5,89217.5,0.00022414
2025-12-06 02:07:00,89261.4,89261.4,89261.4,89261.4,0.00013301
2025-12-06 02:08:00,89261.4,89261.4,89261.4,89261.4,0.0
2025-12-06 02:09:00,89299.1,89299.1,89299.1,89299.1,0.00052339
2025-12-06 02:10:00,89299.1,89299.1,89299.1,89299.1,0.0
2025-12-06 02:11:00,89209.4,89209.4,89209.4,89209.4,0.00010142
2025-12-06 02:12:00,89293.5,89293.5,89293.5,89293.5,0.00020675
2025-12-06 02:13:00,89278.0,89278.0,89278.0,89278.0,0.00010975
2025-12-06 02:14:00,89278.0,89278.0,89278.0,89278.0,0.0
2025-12-06 02:15:00,89278.0,89278.0,89278.0,89278.0,0.0
2025-12-06 02:16:00,89229.2,89232.1,89229.2,89232.1,0.00107253
2025-12-06 02:17:00,89288.1,89288.1,89288.1,89288.1,1.087e-05
2025-12-06 02:18:00,89296.6,89296.6,89296.6,89296.6,0.00037497
2025-12-06 02:19:00,89299.6,89299.6,89299.6,89299.6,0.00022424
2025-12-06 02:20:00,89296.6,89296.6,89296.6,89296.6,0.00012268
2025-12-06 02:21:00,89312.3,89312.3,89312.3,89312.3,0.00151836
2025-12-06 02:22:00,89273.6,89273.6,89252.5,89252.5,0.00105294
2025-12-06 02:23:00,89252.5,89252.5,89252.5,89252.5,0.0
2025-12-06 02:24:00,89252.5,89252.5,89252.5,89252.5,0.0
2025-12-06 02:25:00,89252.5,89252.5,89252.5,89252.5,0.0
2025-12-06 02:26:00,89232.0,89232.0,89232.0,89232.0,0.00011898
2025-12-06 02:27:00,89261.7,89261.7,89261.7,89261.7,0.00011596
2025-12-06 02:28:00,89297.8,89297.8,89271.6,89271.6,0.00058275
2025-12-06 02:29:00,89277.8,89277.8,89277.8,89277.8,0.00011035
2025-12-06 02:30:00,89277.6,89277.6,89269.5,89269.5,0.00019611
2025-12-06 02:31:00,89269.5,89269.5,89269.5,89269.5,0.0
2025-12-06 02:32:00,89243.0,89243.0,89243.0,89243.0,0.00089707
2025-12-06 02:33:00,89240.2,89240.2,89240.2,89240.2,0.00021375
2025-12-06 02:34:00,89247.9,89247.9,89247.9,89247.9,0.00022434
2025-12-06 02:35:00,89247.9,89247.9,89247.9,89247.9,0.0
2025-12-06 02:36:00,89247.9,89247.9,89247.9,89247.9,0.0
2025-12-06 02:37:00,89277.3,89277.3,89277.3,89277.3,0.00033262
2025-12-06 02:38:00,89277.3,89277.3,89277.3,89277.3,0.0
2025-12-06 02:39:00,89277.3,89277.3,89277.3,89277.3,0.0
2025-12-06 02:40:00,89277.3,89277.3,89277.3,89277.3,0.0
2025-12-06 02:41:00,89277.3,89277.3,89277.3,89277.3,0.0
2025-12-06 02:42:00,89261.5,89261.5,89261.5,89261.5,0.00022434
2025-12-06 02:43:00,89250.0,89250.0,89250.0,89250.0,0.01311
2025-12-06 02:44:00,89250.0,89250.0,89250.0,89250.0,0.0
2025-12-06 02:45:00,89255.4,89255.4,89255.4,89255.4,0.0106
2025-12-06 02:46:00,89255.4,89255.4,89255.4,89255.4,0.0
2025-12-06 02:47:00,89255.4,89255.4,89255.4,89255.4,0.0
2025-12-06 02:48:00,89250.7,89250.7,89250.0,89250.0,0.00336623
2025-12-06 02:49:00,89260.9,89260.9,89250.1,89250.1,0.00923042
2025-12-06 02:50:00,89250.1,89250.1,89250.1,89250.1,0.0
2025-12-06 02:51:00,89250.1,89250.1,89250.1,89250.1,0.0
2025-12-06 02:52:00,89331.5,89331.5,89331.5,89331.5,5.597e-05
2025-12-06 02:53:00,89328.8,89328.8,89326.7,89326.7,0.00117654
2025-12-06 02:54:00,89326.7,89326.7,89326.7,89326.7,0.0
2025-12-06 02:55:00,89326.7,89326.7,89326.7,89326.7,0.0
2025-12-06 02:56:00,89326.7,89326.7,89326.7,89326.7,0.0
2025-12-06 02:57:00,89302.0,89317.5,89302.0,89317.5,0.00130803
2025-12-06 02:58:00,89330.2,89330.2,89330.2,89330.2,0.00111999
2025-12-06 02:59:00,89335.3,89350.0,89335.3,89350.0,0.00190541
2025-12-06 03:00:00,89382.5,89384.5,89382.4,89384.5,0.00036763
2025-12-06 03:01:00,89384.5,89384.5,89384.5,89384.5,0.0
2025-12-06 03:02:00,89413.6,89490.2,89413.6,89490.2,0.00719388
2025-12-06 03:03:00,89500.4,89500.4,89500.4,89500.4,0.00022374
2025-12-06 03:04:00,89500.5,89536.6,89500.5,89536.6,0.00942388
2025-12-06 03:05:00,89559.9,89562.4,89559.9,89562.4,0.007824
2025-12-06 03:06:00,89641.0,89653.8,89641.0,89653.8,0.008476
2025-12-06 03:07:00,89683.0,89686.6,89683.0,89686.6,0.00875296
2025-12-06 03:08:00,89695.0,89695.0,89617.7,89617.7,0.00885217
2025-12-06 03:09:00,89685.6,89707.9,89685.6,89707.9,0.008476
2025-12-06 03:10:00,89722.6,89722.6,89722.6,89722.6,0.008476
2025-12-06 03:11:00,89709.5,89752.6,89709.5,89752.6,0.02262073
2025-12-06 03:12:00,89760.3,89760.3,89760.3,89760.3,0.001304
2025-12-06 03:13:00,89756.4,89756.4,89756.4,89756.4,0.00043695
2025-12-06 03:14:00,89770.4,89770.4,89770.4,89770.4,5.594e-05
2025-12-06 03:15:00,89765.1,89770.4,89765.1,89770.4,0.00016649
2025-12-06 03:16:00,89757.3,89771.2,89757.3,89771.2,0.07203
2025-12-06 03:17:00,89771.2,89771.2,89771.2,89771.2,0.0
2025-12-06 03:18:00,89751.1,89751.1,89751.1,89751.1,0.00086046
2025-12-06 03:19:00,89751.1,89751.1,89751.1,89751.1,0.0
2025-12-06 03:20:00,89751.1,89751.1,89751.1,89751.1,0.0
2025-12-06 03:21:00,89751.1,89751.1,89751.1,89751.1,0.0
2025-12-06 03:22:00,89751.1,89751.1,89751.1,89751.1,0.0
2025-12-06 03:23:00,89656.0,89656.0,89656.0,89656.0,0.00040638
2025-12-06 03:24:00,89656.0,89656.0,89627.4,89649.3,0.00895215
2025-12-06 03:25:00,89649.3,89649.3,89649.3,89649.3,0.0
2025-12-06 03:26:00,89637.8,89637.8,89546.6,89546.6,0.09845477
2025-12-06 03:27:00,89546.6,89546.6,89546.6,89546.6,0.00165269
2025-12-06 03:28:00,89546.6,89546.6,89546.6,89546.6,0.0
2025-12-06 03:29:00,89546.7,89546.7,89546.7,89546.7,0.00015166
2025-12-06 03:30:00,89526.6,89532.8,89526.5,89532.8,0.0014931
2025-12-06 03:31:00,89529.4,89529.5,89529.4,89529.5,0.00629446
2025-12-06 03:32:00,89529.5,89529.5,89529.5,89529.5,0.0
2025-12-06 03:33:00,89621.1,89621.2,89621.1,89621.2,0.00709315
2025-12-06 03:34:00,89682.5,89682.5,89682.5,89682.5,0.00034552
2025-12-06 03:35:00,89682.5,89682.5,89682.5,89682.5,0.0
2025-12-06 03:36:00,89696.6,89696.6,89670.2,89670.2,0.15655995
2025-12-06 03:37:00,89668.0,89688.6,89668.0,89677.6,0.0169612
2025-12-06 03:38:00,89676.8,89676.8,89676.8,89676.8,0.00029507
2025-12-06 03:39:00,89676.8,89676.8,89676.8,89676.8,0.0
2025-12-06 03:40:00,89641.0,89641.1,89641.0,89641.1,0.00468538
2025-12-06 03:41:00,89631.7,89648.6,89631.7,89648.6,0.00237886
2025-12-06 03:42:00,89629.7,89629.7,89629.7,89629.7,0.000345
2025-12-06 03:43:00,89654.3,89654.3,89654.0,89654.0,0.01327
2025-12-06 03:44:00,89654.0,89654.0,89654.0,89654.0,0.0
